epoch,elbo,nll,kl,prior_std
1000,[10031.932],515.1931,[9516.738],1.1289987889769257,0.8772931458332662,1.1279367893700127
